cpu_assembly_ms,reordering_ms,h2d_ms,gpu_solve_ms,total_ms
944.877003,6217.880950,2.577807,424.137335,7589.473097
