cpu_assembly_ms,reordering_ms,h2d_ms,gpu_solve_ms,total_ms
1155.436780,32296.354231,3.066132,461.317427,33916.174572
